A,V,mV,T
0.924,1,0.2,966.86940926015
1.206,2,0.8,1441.04530263634
1.446,3,1.8,1783.69057339959
1.668,4,3.1,2049.85743602649
1.854,5,4.7,2295.77520897981
2.038,6,6.5,2499.22473800264
2.268,7,8.5,2616.39094904232
2.365,8,10.8,2860.21324920175
2.516,9,13.2,3020.24836895719
2.66,10,15.7,3170.28291871654
2.796,11,18.4,3314.14563986177
2.93,12,21.1,3446.9616378039
